"target","feature_1"
4.45410667127939,0.39244437699359
0.382765506725848,0.0337248705313368
7.92517949168507,0.698275177878341
28.8839630415353,2.5449208376694
1.23229256352519,0.108575371686724
7.64022597986717,0.673168369337227
2.69653042622962,0.237587081151331
6.18695994193401,0.545123370204146
3.76268353221594,0.331524164911923
1.05849190152406,0.0932620670099604
25.9394262270195,2.28548230128261
1.72489439340322,0.151977748975739
4.38028266186695,0.385939858911917
55.668852584632,4.90489559026403
14.362637833838,1.2654695705943
0.0229152767669749,0.00201902921913364
0.00297502291684686,0.000262124619213095
10.1105730964324,0.890826792600785
7.65425280843575,0.674404251278333
4.00323500669462,0.352718779343903
9.58500046508454,0.844519409527949
6.94300357399413,0.611737192921278
0.0631033409987295,0.00555993674425115
44.9164723042278,3.95752016983448
4.36035379672458,0.384183957753237
0.0357563419433773,0.00315043540111442
0.275481449208984,0.0242722399095703
24.5505725517356,2.1631125747454
2.59484202660494,0.228627475200377
1.98250194543565,0.174675147742161
20.9515704375808,1.84601012374316
0.119912658234143,0.010565316892338
1.7057308419389,0.150289278409038
0.0328570394734554,0.00289498239212807
21.5222637903126,1.896293023053
1.95464240941704,0.172220487568292
1.76446856745834,0.155464567596909
0.0399289687753049,0.00351807902941849
13.733711099021,1.21005581900828
6.61045914478312,0.582437223033733
0.307212505963029,0.0270680137242133
0.728558389576347,0.064192140961594
5.51318310992355,0.485757946655565
3.51696077405637,0.309873916757588
5.38409740292762,0.474384406774392
5.68106090885615,0.500549397124854
1.50859567660338,0.132920007115541
6.70359021498253,0.590642856064218
0.143251563819282,0.012621671384504
8.81131083626618,0.776350825617315
1.79878678361588,0.158488291982838
4.25131030388894,0.374576306035548
1.32067538424923,0.116362643877495
14.476037101107,1.27546100278919
23.3071542271004,2.05355692963694
44.5131464361676,3.92198375800202
1.53051872652559,0.134851612778243
12.3735836784359,1.09021711787316
3.68387483629524,0.324580453893122
0.207014749693681,0.0182397460294064
65.4621516917871,5.76776786757198
0.0174759406374692,0.00153977781449913
5.39948731774094,0.475740388114004
0.00889949842675983,0.000784120896377633
6.27017209605526,0.552455063042348
0.404530298953317,0.0356425323559134
36.9757512821887,3.25787565200821
24.3773595994221,2.14785105225061
0.266564547907372,0.0234865856730903
53.5730927870661,4.72024147019382
2.56626175424941,0.226109312074379
5.72049569821871,0.504023934778623
4.23326859024819,0.372986678846038
9.90300605992445,0.8725383854434
17.8370739044173,1.57159670219505
0.964049654028565,0.0849409081973004
2.23029361970857,0.196507684861507
1.38670287576598e-05,1.22180222953413e-06
0.0627253491881143,0.00552663247662279
3.94440030792445,0.34753494599448
3.67029695149113,0.323384127685401
0.207395098710592,0.0182732579867971
15.7520552958041,1.38788897149487
26.3454428959248,2.32125579537178
4.00383988014663,0.352772073798336
1.25817632769583,0.11085594969122
12.8271627851492,1.13018126401703
1.05015890144502,0.092527859397558
1.5539251900162,0.136913919691866
0.809704115395972,0.0713417640319881
3.34051986485997,0.294327984027181
16.5585122897434,1.4589446367306
15.2826934231399,1.34653423051169
5.56472423886286,0.490299154967113
28.5788795996127,2.51804041245003
3.54003655263761,0.31190708754071
18.4963860711653,1.62968766669577
3.72987248879613,0.328633235160189
17.0207996850148,1.49967605656819
2.54354940612934,0.224108162581145
4.36796778330499,0.384854814210101
0.020131406608662,0.00177374677070132
9.41769344852606,0.829778249801505
0.283435886058742,0.0249730929075389
4.86311039773054,0.428481056054325
35.448413332286,3.12330429248662
5.82997070117915,0.513669606178954
9.40224519168741,0.828417128037231
1.67519018848043,0.147598389168156
32.1162928606908,2.82971636587167
4.58708442331177,0.40416083887962
2.41879057613556,0.21311585706968
23.2830416804749,2.05143241084192
4.80550738017291,0.42340574421141
0.488111857230404,0.0430067728169041
1.75122922053244,0.154298069432499
1.16215245009296,0.102395435921902
0.884185880033721,0.0779042358984844
2.77183565052606,0.24422210676128
0.356902256085937,0.0314460999419712
2.9054306512993,0.2559929534691
20.4719700806616,1.80375328591512
0.522586986505041,0.046044322572324
0.365918958304136,0.0322405474812218
0.11392989102793,0.0100381846249229
5.76441124773754,0.507893265206288
0.0614211503385281,0.00541172155446146
0.0160748608237184,0.00141633086201116
5.27374022478254,0.464661008297391
1.19342951770352,0.105151209462702
0.0410775484949489,0.00361927859327485
3.93602165461195,0.346796715947033
3.20614248116411,0.282488202782921
26.1668537811456,2.30552058760514
1.06661433595242,0.0939777220119973
26.7928718394359,2.36067806024868
1.02812661329754,0.0905866289255676
3.1674566814957,0.279079657440425
4.82618484129045,0.4252276029914
0.0367415816237825,0.00323724332941554
41.5938829002473,3.6647720106899
15.7118697983051,1.38434829012057
31.4627441825726,2.77213321334573
2.43859090490166,0.214860433089151
14.1334669343732,1.24527768083884
6.39812930305969,0.563729172553127
49.4420777170273,4.35626418919017
0.00343449043984582,0.000302607584512245
18.7787811374023,1.65456905459563
30.5485673280914,2.69158651956487
2.30021588256135,0.202668426152276
0.00390958462279911,0.000344467390395346
1.14821570261579,0.101167490884963
9.80285237856208,0.863714001119757
25.1115358509298,2.2125381742462
13.120633099321,1.1560384747017
11.3503047201925,1.00005760825748
4.38065092571273,0.385972306063769
21.7531687229271,1.91663769575896
39.6584884541021,3.49424743108074
2.05099916665766,0.180710330842198
0.646390297226548,0.0569524387741952
12.715994094076,1.12038636440434
8.9179327623175,0.785745116870571
4.35215929236951,0.383461952782603
55.2374806580504,4.86688808405152
0.738167516350977,0.0650387861025463
23.0305414305895,2.02918500848491
0.236654351806067,0.020851245044537
0.488854004482693,0.0430721622513198
60.4569150525656,5.32676429052461
0.127049592914405,0.0111941410519163
2.37035084599107,0.208847908158427
0.0675596530534086,0.00595257543412905
1.26612804076981,0.111556562701561
0.0136865104349893,0.00120589704227556
7.041052702217,0.620376148357237
48.8788814449209,4.30664184593622
11.9799562821391,1.05553522322896
16.5596252610533,1.45904269889313
17.2078568213373,1.51615736847741
10.9870351335306,0.968050492770664
0.548947648119242,0.048366919265176
24.4337854740649,2.15282264787119
3.08102955437855,0.271464698356589
0.286045529571377,0.0252030245185385
24.3451826823805,2.14501599438292
6.6609016135906,0.586881630118282
2.1006178243643,0.185082153218276
9.73435496567816,0.857678801132689
0.35599102910021,0.0313658131565155
1.8342564726683,0.161613470845772
6.07723172894403,0.535455388863881
7.82580671793578,0.689519598103921
16.5644070922425,1.45946401856516
12.4649961684308,1.09827132948799
23.5724932474981,2.07693553599667
11.712227659672,1.03194607276588
1.92629865410251,0.169723163589099
1.64818446098516,0.145218956728768
1.90231346776028,0.167609866309569
32.3725295135385,2.85229297685365
28.5700546182062,2.51726285713185
1.24278646056351,0.109499972552705
59.2712983020051,5.22230145176345
70.8026794078086,6.23831341733292
5.05033667653443,0.444977270843209
3.32584817835883,0.293035284661557
0.00203779827075952,0.000179547220537743
2.95329950293828,0.260210603167522
0.306660916854159,0.0270194140699699
2.00870641801232,0.176983982863042
1.81818519925296,0.160197456064706
21.3086248244778,1.87746962769312
11.0752667506511,0.975824442648256
26.2134367766643,2.30962494253061
1.08185711087429,0.0953207390857559
17.8272962859134,1.57073521151119
4.68143470488663,0.412473894718756
0.0226868957172539,0.00199890692180457
34.0948738665524,3.00404604575643
5.15821849940459e-05,4.54482569635941e-06
4.50897240402285,0.397278510949932
1.31950555955372,0.116259572452022
15.1819698057228,1.33765963001308
36.9013553203047,3.25132074008824
1.24447134996755,0.109648425524597
29.255692246751,2.57767331692452
0.441334038036244,0.0388852522819014
0.78609294668028,0.0692614208609389
11.0302068274018,0.97185428323987
94.7226273937359,8.34586264725739
4.65581759629689,0.410216811320708
3.69407259693148,0.32547896264358
0.0404827258672482,0.0035668697012618
0.109400031412755,0.00963906577444535
3.56969094441375,0.314519889649998
15.9767231056213,1.40768410105986
13.6527207375402,1.20291988484694
0.000324130573795612,2.85586382378346e-05
5.67809845805513,0.500288380215116
12.1370761254571,1.06937880704385
0.566841241961087,0.0499434958507166
8.7633726721935,0.772127068908697
15.3502502670466,1.35248655843629
45.406092118038,4.00065980634868
3.36854177114714,0.296796950391627
0.741898435086129,0.0653675115208376
0.313207222810936,0.0275961988558805
11.818920238569,1.04134658913094
0.210608708932044,0.0185564041605046
1.88160706217663,0.165785457277911
0.0550661564500125,0.00485179297586274
0.696160642557203,0.0613376261097366
5.49085809618447,0.483790924589232
14.9116190431718,1.31383944688563
65.5427745095141,5.77487141802764
3.72303276904201,0.328030598143203
1.59369960281326,0.140418381035615
2.05261426914001,0.180852634997496
10.2649120909589,0.904425360175139
1.71953548159179,0.151505583632066
0.917550327767932,0.0808439252393834
8.34371318639425,0.735151527546858
33.5622574738579,2.95711804788081
0.827726061335235,0.0729296495202165
2.02295426192164,0.17823933812037
16.0482977149027,1.41399042801182
1.24372689891012,0.109582833105511
10.0249101350823,0.88327916296828
0.760949630829364,0.0670460826005664
1.76526713718257,0.155534928327139
8.23599339655652,0.725660505231353
79.6528165024513,7.01808516388997
0.27624645011648,0.0243396429438258
14.4976861586086,1.27736846740797
59.4731761689063,5.240088595079
6.23189712270909,0.549082714964979
19.6632851699195,1.73250132241216
9.60224507714732,0.846038805343301
1.79900615758301,0.158507620680199
1.8849448315637,0.166079542921639
19.9034392108907,1.75366091959899
5.58091677429359,0.491725853954821
3.82611452211566,0.337112970288722
11.374001694476,1.00214551162299
5.06719521733302,0.446462650522906
10.1394897764818,0.893374596082876
2.13484157642288,0.188097554520094
11.4670636251859,1.01034505288113
1.72733256021933,0.152192572043027
1.60773021710118,0.141654596530534
0.676626579543072,0.0596165103494954
23.0875734060376,2.0342100067001
35.8967976120827,3.16281073055044
0.205158258936865,0.0180761735305367
6.65250511227892,0.586141827511523
10.3541284210872,0.912286071576732
0.0290198106979947,0.0025568901623488
1.0614542053193,0.0935230709672487
9.0644291703494,0.798652686406925
12.448676318597,1.09683341302722
44.106685160717,3.88617109032507
1.67036889999294,0.147173592975245
31.0548770868102,2.73619668103842
25.9542367322037,2.28678723174542
0.0781231989193331,0.00688331294944886
3.65163175328073,0.321739566244972
11.9137238472901,1.04969958691637
1.18414540717037,0.104333200994783
12.3612108038944,1.08912696323624
0.111414376434139,0.00981654656583827
2.34075576984139,0.206240332256276
4.88091552516892,0.430049838003331
0.0146458215711551,0.00129042044707032
12.9738566253879,1.14310622899654
2.65844839792645,0.234231733160126
0.166198011719652,0.0146434470434803
19.0083765721284,1.67479834948941
2.77323248710579,0.24434517984905
19.4147852890542,1.71060638631689
25.4360633373351,2.2411317838337
7.53322340522524,0.66374053973161
39.6796293226755,3.49611011996735
2.63711910894429,0.232352442845798
2.36140482916905,0.208059688598951
1.41747789759,0.124891762024663
0.329896440080872,0.0290666597041228
8.47317414231171,0.746558130023989
5.23621187857143,0.461354444369907
1.21435673406755,0.10699507378709
27.9430550335701,2.46201890373612
1.53243052337241,0.135020058210259
21.129448430405,1.86168267566584
1.26825573831357,0.111744030806529
6.09388433956433,0.536922624357441
10.1695638333632,0.896024374228653
0.000219599852316485,1.93485997508616e-05
1.40884359351322,0.124131006987961
3.18445476938535,0.280577332396202
6.20817076403033,0.546992222586327
12.8357931791765,1.13094167454538
0.688013333861763,0.0606197794749055
0.951212915632108,0.0838098832411378
58.2205742420439,5.12972379713237
22.5274636048843,1.98485960757765
9.52339457361966,0.839091410721597
0.415256905782584,0.0365876369178473
7.32352028211036,0.645263925322016
40.4338105559917,3.56255984964211
24.6551387158512,2.17232573602767
5.20600099547196,0.458692610679922
1.63856774804943,0.144371643183018
0.421880520347921,0.037171233244424
28.2577083589222,2.48974251642663
4.03474542573859,0.35549511311477
15.6316793623269,1.37728283614498
0.27494073773896,0.0242245986670839
41.791853585394,3.68221489832803
0.432716982469483,0.0381260169844573
76.2715010949851,6.72016274836759
19.5963264629839,1.72660169540118
4.58429317281309,0.403914906160933
2.09834390485877,0.184881801724803
0.325379709740399,0.0286686976535179
4.25397504900366,0.374811092562582
5.22248960205983,0.460145396034524
3.66105056512033,0.322569443034463
3.72047268693863,0.327805033310508
21.0940417619016,1.85856304944497
1.71498880703194,0.151104983243095
0.876604643712147,0.0772362650157379
7.68896323475137,0.677462532688262
0.0537868383750914,0.00473907425986826
15.4745147506827,1.36343530786285
0.000783576687927353,6.90397172351559e-05
0.188446363231875,0.0166037145208285
0.241517154381983,0.0212796989788925
0.304928820166825,0.0268668017381332
35.2987270319672,3.11011566652671
6.60025542148362,0.581538188922334
14.0199859333892,1.23527904721407
9.67343317926682,0.852311077753342
0.306534093448009,0.0270082398578804
15.1361351797008,1.33362121275425
0.0362584054335541,0.00319467143050368
51.4613234003905,4.5341767702503
1.34968458981199,0.118918599637955
41.1862402016488,3.62885524966596
7.46803643128389,0.657997017345523
19.8957954845692,1.75298744282002
4.30161677095604,0.379008730219324
13.5258455284324,1.19174110847967
1.06694142258317,0.0940065411037936
0.13772747952751,0.0121349529517544
9.69662079764595,0.85435410256625
28.798311642652,2.53737422678778
0.0229938699686289,0.00202595394328941
5.80430940454982,0.511408629441804
8.4964736392756,0.748611012284132
13.1023022568757,1.15442337282513
40.7850501688706,3.59350702294187
4.12679830191385,0.363605748155014
1.73397302796356,0.152777653276854
1.96622236699753,0.17324077953112
1.60164570092101,0.141118499320058
1.52560021421914,0.134418250346605
0.992244999709975,0.0874251560356849
23.5941774282363,2.07884609526892
5.5222823750653,0.486559668684963
1.71009744129435,0.150674012653209
4.83272471920539,0.425803821412591
14.358591523157,1.26511305648462
6.76615217011807,0.596155092146254
2.92993057019883,0.258151603029722
3.11183051430488,0.274178522793492
11.756236985027,1.0358236656359
0.715977407662949,0.0630836503094038
23.2086884006829,2.04488125957436
33.1534050785387,2.92109470236958
23.3737511154141,2.05942467737467
5.72734214900204,0.504627164856072
0.0480520286825731,0.00423378914142482
35.1354573578254,3.09573023073019
3.68391808669664,0.324584264618389
29.5052583666164,2.59966219767154
30.4248719981827,2.68068791738364
6.89749004222933,0.607727066775582
4.66593069197202,0.411107860373775
5.26555675207734,0.463939975308185
46.9222977342354,4.13425031334744
2.84835932026054,0.250964487694331
26.6308837355297,2.34640554160251
0.00709219219898789,0.00062488196948618
3.99088772178499,0.351630879369444
0.44583046118375,0.0392814250974743
9.03067855275468,0.795678972243204
0.00750512544445657,0.000661264872325674
4.7607706319881,0.419464059252827
4.74166274735846,0.417780493403922
2.13612739881806,0.18821084632158
35.6623102219378,3.14215041311089
0.00378416713707033,0.000333417051756556
8.25452633317761,0.727293413309874
0.477727426628267,0.0420918168675177
102.695685936234,9.04835637346747
21.1814199941961,1.86626180891941
2.04137915963886,0.179862727059938
0.636442741228313,0.0560759751633192
62.290874814648,5.48835161866442
10.4968428251627,0.924860414655795
4.14637326714286,0.365330467745479
6.43325675888011,0.566824197780902
27.4653314657033,2.41992742685804
23.9909715074877,2.11380700139869
0.0360155719663672,0.00317327575326096
2.9447485543805,0.259457192455313
49.951095074448,4.40111291295333
11.4488807227027,1.00874298576339
3.25793247697462,0.287051338365508
2.32943185782726,0.205242600068097
53.2164785670793,4.68882074866234
17.6133503859273,1.55188477266298
4.02478946052138,0.354617908580753
0.000270778237659525,2.38578472911137e-05
0.885754522683202,0.0780424465505262
5.65557028036217,0.498303457690354
4.47636523676911,0.394405544408531
24.8674638034819,2.1910333676326
13.3224514037743,1.17382037006307
7.50627571649542,0.66136622099713
29.7447366277382,2.62076225295209
0.13647242921364,0.0120243724302555
2.20618415248266,0.194383437387568
20.7152095285066,1.82518473347907
19.7339895258532,1.73873097270187
1.506962736663,0.132776131329696
0.618807628973073,0.0545221729863651
16.1792583614711,1.42552916588817
0.00884099832983463,0.000778966544273785
1.44892448204932,0.127662471430051
14.9268640748756,1.31518266280092
3.03857344413396,0.267723956842259
1.48832088215411,0.13113362666632
62.7080201083,5.52510563848588
67.933514391557,5.98551577228433
0.315406609629635,0.0277899833908127
12.3625132912121,1.089241723358
44.1782011696535,3.89247225409223
3.00637372894881,0.264886890265769
13.4987156981796,1.18935074154029
59.2414121973757,5.21966823379683
8.90174098864938,0.784318485000576
0.140107339916023,0.012344638730841
164.776596652138,14.5182083835675
13.9564544048911,1.22968138353851
1.07364551783662,0.0945972284580076
13.9057667403671,1.22521537264262
1.37175353085434,0.120863059539223
8.65514103130489,0.762590948197128
0.067822934885924,0.00597577278487987
1.00025597668725,0.0881309906959161
15.8902171843258,1.40006219954412
0.00144736209375285,0.000127524811839277
11.1598009033406,0.983272614714009
28.8364239668664,2.54073224410436
21.3865584013001,1.88433623333598
0.707147011372592,0.0623056178942573
15.256941098902,1.34426523347422
14.0904944276067,1.2414914404341
72.5619015831082,6.39331573351689
9.94131355582003,0.875913599031764
10.6181905041925,0.935552168987486
0.0255953513456273,0.00225516640127559
1.85003166543966,0.163003398424074
0.608232982254342,0.0535904573922554
2.02476013730545,0.178398450977837
1.58854904286996,0.139964573249387
1.52040181289588,0.133960227331166
16.074981027875,1.41634145301153
6.17025903618123,0.543651879501949
0.95889907547006,0.0844870987709159
8.88630856748929,0.782958758493187
0.491061886129079,0.0432666952522421
0.0258564269513251,0.00227816936482987
32.2058806648235,2.83760980726718
0.236087488834895,0.0208012996341596
15.808977480735,1.3929042962392
5.26970936266271,0.46430585533629
0.232893516851316,0.0205198837548962
16.1348736910178,1.42161850194822
15.5160582709763,1.36709564250299
0.0711953464862001,0.00627291069986747
2.31645834000703,0.204099523690694
30.6015716966668,2.6962566516337
6.72208430540546,0.592272341464936
1.04448422484521,0.0920278725119244
18.6457832301215,1.64285081686217
4.11620393474518,0.362672295022884
1.06984840659382,0.0942626709213267
1.98702547965387,0.1750737092718
1.43143209673881,0.126121244701113
2.99248135658154,0.263662855050404
0.0039296503129764,0.000346235346993995
19.7291854427071,1.73830769244469
0.0491877094945821,0.00433385220269057
5.56603446911988,0.490414597307156
3.27686407203139,0.288719371615689
55.0213527857168,4.84784539503021
1.74379913066227,0.153643415827342
2.80302541584807,0.246970188233889
0.573936383020428,0.0505686376396795
14.1644647718358,1.24800885184774
1.77078089201178,0.156020736647087
27.2615673568955,2.40197408971631
6.27424342724881,0.552813781670281
61.7067058013755,5.43688139996693
7.48784884770792,0.659742658389642
2.85230771999618,0.25131237502365
2.96231657474446,0.261005083270592
16.7646800124109,1.47710975253264
0.00577574328058149,0.000508891712908089
5.58103824407207,0.491736556467145
3.91716323863384,0.345135130391093
4.17801980688477,0.368118794898283
13.6493144384239,1.20261976115589
0.695291419768099,0.0612610402483925
0.290194206107455,0.0255685579237099
4.44450534444352,0.39159841909305
9.20209869435845,0.810782532988533
11.2182329665506,0.988420972473549
8.18566578361852,0.721226217917944
7.3676959964099,0.64915617846187
2.4816083772368,0.218650635339865
8.16967197839774,0.719817028738416
11.0513226311204,0.973714763701303
3.76057875810864,0.331338716555112
46.533401896053,4.09998530889323
43.7055766582708,3.8508300471111
15.4019390309928,1.35704077463754
21.5053769025902,1.89480514577016
0.319113144941451,0.0281165604237855
28.4995331241752,2.51104931851857
31.9528008292346,2.81531133851973
2.70613886488775,0.238433665663414
8.76268753269546,0.772066702338405
0.238214748123759,0.020988729125174
2.49617992624044,0.219934511747101
1.60657865564862,0.14155313425085
6.57351690761627,0.579182300258044
0.976318739754656,0.0860219181639238
0.20636124312433,0.0181821665870181
22.0501716479365,1.94280615926303
12.2047964905228,1.07534554256218
50.7376281994468,4.47041311723792
6.69914755874819,0.590251420567325
7.56020855237263,0.666118158868715
2.15858157204582,0.190189248428583
9.2895893014244,0.818491193628429
6.60890905609588,0.582300647142304
1.32026725899506,0.116326684599254
25.6193340635895,2.25727948107001
3.16779015072484,0.279109038892988
3.33647350903825,0.293971465940224
0.212007008650997,0.0186796061631853
14.6656086225853,1.29216385324448
25.4220017477654,2.23989283915512
0.566360583071097,0.0499011457471942
45.4766876330584,4.00687986683564
0.557864647277853,0.0491525821236833
0.306650012383696,0.0270184532941213
1.25570795424324,0.110638465164404
1.68412024583641,0.148385202564024
22.2057375394348,1.95651282681192
81.2588334462277,7.15958880658572
2.03737471546356,0.179509901742637
1.01196736628904,0.0891628629287119
36.4606271040693,3.2124888658183
0.698095231315269,0.0615080797014284
0.69413588678582,0.0611592280434334
0.740968240555835,0.0652855535346766
36.2411124592,3.19314777356244
36.1488805806352,3.18502136690143
35.3001019221944,3.11023680595566
5.39730906978868,0.475548466091554
13.7515771210761,1.21162996628679
5.79426486877648,0.510523621094524
0.689464246612216,0.060747617129557
1.16065152682161,0.102263191918422
21.0740257409255,1.85679946912201
17.1118193249988,1.50769565478258
2.96617569056817,0.261345103933982
6.06804688542716,0.534646126657612
0.00442797295002109,0.000390141775660786
28.0779114771369,2.47390089419683
5.61441906525879,0.494677688447352
5.81736293864007,0.512558755927693
2.45634716210648,0.216424909158262
10.7649815933769,0.948485702419599
3.54931355898758,0.312724470070153
67.1642391249375,5.91773613092734
1.31576486057057,0.115929985311365
5.77034792951185,0.50841633695833
4.92949701104377,0.43433027679042
0.0150400004243286,0.00132515092971799
28.8117838126968,2.53856123863329
8.15759139100361,0.718752627065197
38.8605110726501,3.42393889124755
1.1888728817799,0.104749731393539
0.739447902631108,0.0651515989364322
0.0421230481818426,0.00371139593656069
7.69663480854152,0.678138463064166
37.9976510934431,3.34791364713831
23.2061815417825,2.04466038415489
0.733025004878845,0.0645856874545331
98.0867403284064,8.64226937978938
6.62380703908119e-05,5.83613285137444e-06
2.94817390256227,0.259758994529755
13.3541976343187,1.17661748081667
5.6383876761987,0.496789525294091
1.24330141355026,0.109545344255491
10.8186612661801,0.953215334488428
8.07212314923818,0.711222153870954
10.6916588683736,0.942025351723701
35.6188740424187,3.13832331922464
1.18021752278891,0.103987121241255
20.3429715582223,1.79238742772896
5.37472613578404,0.473558719073755
0.0576667974014682,0.00508093138526794
54.4217507286809,4.79501539496873
15.2117882380667,1.34028688548039
15.8485013299604,1.39638668081828
3.15653526865485,0.278117388825294
24.0812938671652,2.12176516333513
3.72599513582058,0.328291607649855
23.3186708837236,2.05457164425136
12.6368763464493,1.11341542332277
6.09990419961199,0.537453024817139
0.504853741974411,0.044481874113967
11.3251653648589,0.997842618952096
13.1855853868461,1.16176131923447
16.3155722541272,1.43753956991014
0.532657332451563,0.0469316050136216
0.232371595652282,0.0204738980938174
12.8911974310372,1.13582325657944
2.08513548165967,0.183718028201626
4.88683627181258,0.430571505735918
10.4466439974418,0.920437474406573
27.4809074934881,2.42129980632067
12.2945912286253,1.08325721658633
9.82840051553438,0.865965007536396
0.0646032173619887,0.00569208850629631
43.921532074876,3.86985754132773
6.48508061751788,0.571390316964272
2.41360028052698,0.212658548236091
0.238977504236398,0.0210559343740632
67.6993576648389,5.96488458908249
3.8222193945183,0.336769776684242
4.87005711802274,0.429093120721479
1.05240355108677,0.0927256319690831
5.68223453862242,0.500652803809165
44.1171849264633,3.88709620827374
0.0919294768473299,0.00809976251833553
0.00223001744708191,0.000196483351723033
14.3250241708724,1.26215548954093
20.5052529619882,1.80668578856734
26.3312298137863,2.32000350291974
2.02088672385765,0.178057170573135
21.0208631568653,1.85211539693411
34.9092148788076,3.07579635952317
27.9175073805697,2.45976793996149
19.0852892825634,1.68157500819051
0.640710250102394,0.056451978700056
17.007946184036,1.49854355468709
1.21964657337748,0.107461153260617
66.054018596882,5.81991633548606
1.11755435447035,0.0984659674238594
31.2705276390957,2.75519731413634
0.194631923395145,0.0171487145587224
13.6306129795731,1.20097200484711
2.71772579701645,0.239454572142785
6.88584736129299,0.606701248355908
34.5029298105596,3.03999921718742
0.0697386846422509,0.00614456650157399
10.8015217908371,0.951705202105127
0.0566666598869129,0.00499281083208531
26.173935297493,2.30614452894203
8.46813589002569,0.746114217489905
2.85524126622851,0.251570845197019
1.42857819484678,0.125869791866084
2.70760424748405,0.238562778233567
9.9496300886086,0.876646355736941
12.8104823794226,1.1287115795401
10.9853669031715,0.967903507601183
2.04278122850226,0.179986261156044
2.31174067645107,0.203683857728533
9.71282558588446,0.855781881129701
0.447746293523891,0.0394502260904992
16.2035441934849,1.42766895258791
2.78707196746305,0.245564554832083
57.2102996393281,5.0407100809563
20.2388866621892,1.78321667022521
18.675989335382,1.64551222958423
5.41604184031561,0.477198981223176
10.6143093160346,0.93521020356523
20.5560409934814,1.81116064264
12.1266949405689,1.06846413706924
7.47920452313948,0.658981020463081
36.8434035513166,3.24621470030189
35.6193007684118,3.13836091738491
24.0173024703117,2.11612698137756
8.11648964398441,0.715131216377773
17.7474420362181,1.56369937838352
5.05369724828209,0.445273365567288
18.9094988339358,1.66608638652414
47.0016214457015,4.14123940158097
46.3728992559835,4.08584367214393
11.4856498690624,1.0119826577786
7.57805951947557,0.667690979678916
5.00383908498352,0.440880440727854
0.00144442669592743,0.000127266178524936
4.3582648266347,0.383999901863698
18.6312772078175,1.64157271391001
0.175248565974111,0.0154408772327347
0.350535433178679,0.0308851291270199
32.5222330249216,2.86548311925355
4.67985178937977,0.412334426507559
18.6602055990647,1.64412154924745
0.224194781432215,0.0197534517733289
14.0470341134649,1.23766222008397
1.30952777308003,0.115380445281204
31.4548912546278,2.77144130413872
9.79208830305121,0.862765595250851
22.783269663453,2.00739827957073
0.044648345612799,0.00393389594613736
10.9202867038761,0.962169392962261
13.4141032248424,1.18189566876468
0.220319653751477,0.019412020330242
1.69343752469558,0.149206133441306
14.3283009699118,1.26244420318262
6.55289598509264,0.577365423005193
14.9827538200598,1.32010702089287
8.05559911307743,0.709766246872062
1.73881648876197,0.153204403037425
9.01790356595346,0.79455338812358
20.2354722244435,1.78291582945223
1.79894581061741,0.158502303603383
0.141321478597329,0.0124516145923401
5.18258927837275,0.456629840879057
7.05819697782476,0.621886703684364
0.0858785216404686,0.00756662231276189
21.6858809822284,1.91070907809741
0.32220450469739,0.0283889353000553
7.69101530422398,0.677643337322088
0.553799669169189,0.0487944232561299
12.0266255422894,1.05964717879629
0.00135481600360756,0.000119370720487031
17.0313239250491,1.50060333090812
76.4943128204303,6.73979434123964
15.5132434735906,1.36684763510489
13.4081458800144,1.18137077642328
37.8463094226788,3.3345791690758
11.2428038649567,0.990585875927558
0.00159691697545875,0.000140701858710623
4.08081477864378,0.359554211792391
0.359392210524651,0.0316654859357428
2.05950882529088,0.181460103563689
11.2739341499903,0.993328716684918
6.0095278589094,0.52949010669695
33.836183189892,2.98125321457197
1.41746353684483,0.124890496721852
5.99554506905767,0.528258104938353
5.06844460381849,0.446572732013338
66.7054667733539,5.87731441609505
0.628692545255882,0.0553931175098215
44.4786926106652,3.91894808528868
7.20568379708226,0.634881536805783
33.159424472048,2.92162506172331
31.4134908920356,2.76779358289989
2.73740632128894,0.24118859237558
0.343841215356132,0.030295312057804
10.4879802634991,0.924079548199889
0.979861975330858,0.0863341071124307
0.0744638891917719,0.00656089688889078
0.382842706700371,0.0337316725004277
0.313712712848136,0.0276407367929723
18.2942955748185,1.6118817889321
62.6514219546976,5.52011886363544
22.6284716731779,1.99375927059838
0.0032652064572917,0.000287692237401943
3.36271494263109,0.296283557638468
36.7774588154648,3.24040441269826
11.6108203134333,1.02301122998947
3.60665069383706,0.317776355403231
0.478929199223567,0.0421977031725072
15.4162484747486,1.35830155736107
56.7611912473527,5.00113984250021
1.03695150422009,0.0913641762713621
12.335027754691,1.08682001569529
10.9791470088775,0.967355482436692
45.6585902704311,4.02290702389892
48.6589754196372,4.28726626976377
105.978062305534,9.3375614249797
0.775228063998703,0.0683041330297844
2.34339912250623,0.206473233927988
0.281758813187201,0.0248253286381089
9.88798061874422,0.871214517305923
1.04081933328489,0.0917049646448066
43.4297080234124,3.82652369287913
1.4185724910371,0.124988204942427
2.30264262437094,0.202882242580098
4.9371815649358,0.435007350822814
12.0740845449083,1.06382871733815
63.8048942415307,5.62174950393969
1.19568321944968,0.105349779600998
10.1204851820254,0.891700130969696
6.65756322270369,0.586587489715174
10.324719410549,0.909694889624784
1.79787030068194,0.158407542104001
1.09928247014167,0.0968560602547957
7.19299569625545,0.633763608073561
11.0436742591505,0.973040877601513
7.16481399681115,0.631280562583799
1.08239962923743,0.09536853953077
1.48274471038427,0.130642318887292
22.206914817861,1.95661655497395
0.0356820761583634,0.00314389195887499
32.7570348413926,2.88617114030525
0.610107323712269,0.053755602688499
0.160967421471922,0.0141825879122172
35.6575490712816,3.1417309155683
1.33856402118709,0.117938783717973
4.40583268246951,0.388191031292274
2.19252381918889,0.19317984677229
2.89784785937887,0.25532484552497
0.392800887627712,0.0346090722572003
0.353237900626341,0.03112323930985
9.51983676703337,0.838777937944166
1.16348830475186,0.102513135987944
1.52606922178466,0.134459573870139
10.0415991798736,0.884749608619702
4.57218201700513,0.40284781115255
0.0443182350872597,0.00390481042369812
0.379415263782722,0.0334296858620809
13.8241414687932,1.21802349754535
34.8392153337024,3.06962880901393
10.3255246682877,0.909765839625516
30.6781125716964,2.7030005484984
8.52616431226538,0.751227011074446
0.805183847432578,0.070943490286957
0.561224766565513,0.0494486369822192
0.870272194925083,0.0766783228507899
22.0630578500279,1.94394154238805
4.92762144333862,0.434165023451451
4.9518705295563,0.436301572536529
0.00199428786040992,0.000175713586289042
9.84758754739031,0.867655546923701
16.7460661618697,1.47546971525509
49.4977056817357,4.36116548221356
3.14199673182393,0.276836421068999
26.9658837953888,2.37592187326829
0.428570514896527,0.037760678207574
0.793559471049619,0.0699192846528699
14.2048641476718,1.25156837770803
4.80929824194068,0.423739751116614
12.1087484843554,1.06688290286276
4.93195239502158,0.434546616834916
0.641968297924026,0.0565628233272787
5.80670476045073,0.511619680506268
9.99620972681107,0.880750414854526
0.103195420010844,0.00909238716169204
2.43111582506907,0.214201815488726
24.4881745971221,2.15761478849302
0.264596328850959,0.0233131689683757
35.7086552523952,3.14623380130675
4.7668072345248,0.419995934867066
0.453157778600713,0.0399270235824132
5.39173023239214,0.475056923448323
0.0148282948373517,0.00130649788134738
42.8714153386922,3.77733339704543
6.16835467583533,0.543484089288406
61.1586292151027,5.38859122859956
1.38168075714439,0.121737731931285
14.5930065115517,1.28576699471912
2.01482870476934,0.177523407980007
9.70173006372066,0.854804272014259
11.5105277530671,1.01417460925388
0.407458388715341,0.035900521768212
9.89917007573881,0.872200402872484
1.34236960556935,0.118274087809728
7.52060793642588,0.662629010493801
9.50929535329553,0.837849150456059
0.33519099577249,0.0295331547306682
65.4955929344207,5.77071432319144
7.18963743169444,0.63346771663209
53.4008298800866,4.70506365470848
0.0386867946544372,0.00340863300915929
20.8356115288397,1.83579316553891
1.5332648027175,0.135093565259368
9.91191236145003,0.873323105750181
0.0196783044553087,0.00173382464817251
5.1882369007318,0.457127444057823
8.52031453668405,0.750711596491232
0.627718459041088,0.0553072922959423
9.90030285011685,0.872300209852396
7.50642174781243,0.661379087588223
20.6332445360745,1.81796292610798
57.5538076688955,5.07097603653502
2.76582736431385,0.243692726054133
2.55099057762689,0.224763792571169
16.1721152074278,1.42489979375024
0.153764000970514,0.0135479057908557
3.12656214290053,0.275476503563374
0.521818037003661,0.045976571633633
0.205163976966364,0.0180766773371785
0.322276943295911,0.0283953177517487
10.5632258203563,0.930709316605023
1.89652893914569,0.167100200534613
2.46928235260414,0.21756460857518
56.9369739170934,5.01662777878101
7.17440338218573,0.632125468340849
0.00451950711874509,0.000398206708198246
71.7562802149795,6.32233369396525
55.4805992871727,4.88830888646666
25.1555135118782,2.21641297721485
15.2918944289637,1.34734491675356
24.1180164475727,2.12500073249708
54.427894020198,4.79555667078228
6.1993341988129,0.546213646636658
1.34314075787778,0.118342032834306
2.35872534516392,0.207823603451319
8.75146194311856,0.771077633186492
10.4263918746821,0.918653091524481
5.65458840594208,0.498216946269879
101.939217547657,8.98170512611747
10.482782365732,0.923621569551996
1.6405138185856,0.144543108416232
2.89521955854101,0.255093270046207
46.6352165911476,4.10895604254065
0.0474035516505915,0.00417665284371294
2.43994048222657,0.214979342237846
0.0634649669367636,0.00559179904042641
2.68997531472565,0.23700952052242
6.36564938347667,0.560867417605103
2.44600577942384,0.215513746093778
0.19010273729699,0.0167496550507767
7.54724629151473,0.664976074324667
0.0182963042998934,0.00161205877455879
6.93023862261416,0.610612493006935
5.19346767666723,0.457588319549739
2.64394044878247,0.232953460437118
5.0813843521078,0.447712833010153
2.98456316725686,0.262965195765214
12.4870225445139,1.10021203905722
0.166330028706609,0.0146550788538573
1.11399583720302,0.0981524320294323
8.80257284312142,0.775580934698901
1.99528561847552,0.175801497192696
24.9528037697863,2.19855253867646
5.51879806095393,0.486252671214627
